[
	{
		"id": 1,
		"name": "EDUKit",
		"description_chi": "Arduino入門教材",
		"description_eng": "Introductory Arduino Kit for S1 students"
	},
	{
		"id": 5,
		"name": "hagh",
		"description_chi": "345",
		"description_eng": "123"
	},
	{
		"id": 4,
		"name": "hello world123",
		"description_chi": "dfgsfdgsdf",
		"description_eng": "sdghsh"
	},
	{
		"id": 3,
		"name": "IT Lab",
		"description_chi": "為期六個星期的足球機械人課程",
		"description_eng": "A six week robotics soccer training course"
	},
	{
		"id": 2,
		"name": "Test Course",
		"description_chi": "測試二",
		"description_eng": "Test Course"
	}
]