{
	"id": 1,
	"name": "EDUKit",
	"description_eng": "Introductory Arduino Kit for S1 students",
	"description_chi": "Arduino入門教材",
	"labs": [
		{
			"id": 8,
			"lab_number": 1,
			"lab_title_eng": "\"Hello World!\"",
			"lab_title_chi": "\"你好世界\"",
			"learning_outcome_eng": "Understand Arduino IDE.\r\nExplore basic functions of Arduino.\r\nUnderstand basic program structure of a machine (Initialization and forever loop).",
			"learning_outcome_chi": "瞭解Arduino編程平台及界面\r\n探索Arduino的基本功能\r\n學習基本程式結構（初始化和無限循環）",
			"materials": [],
			"tasks": [
				{
					"id": 1,
					"task_number": 1,
					"title_eng": "Install Arduino IDE Software",
					"title_chi": "安裝編程軟件",
					"brief_eng": "In this course, Arduino IDE is used as the software development environment. This set of notes use WIndows 10 computer as demonstrations. If you use different operating system, please let the tutor know for further instructions.",
					"brief_chi": "這個課程使用Arduino IDE作為編程開發軟件。這份筆記使用Windows 10電腦所編寫。如果你的電腦運行不同的作業系統，請讓導師知道並獲得進一步指示。",
					"submission_requirements_eng": "Nothing to submit.",
					"submission_requirements_chi": "無需提交。",
					"submission_required": false,
					"video": "https://peanutkingeducation.com/media/course_material/EDUKit/EDUKit_Lab_1/teaching_video.mp4",
					"steps": [
						{
							"id": 1,
							"step_number": 1,
							"instruction_eng": "Open Microsoft Store. Type in “Arduino IDE” in the search bar as shown below.",
							"instruction_chi": "打開Microsoft Store，在搜尋欄目中輸入“Arduino IDE”並搜尋。",
							"image": null,
							"image_alt_text": "",
							"code_snippet": "<p>def HelloWorld():</p><p>&nbsp; &nbsp; print(\"Hello World!\")</p>",
							"date_created": "2022-06-10T11:38:22Z",
							"course_name": 1,
							"lab_number": 8,
							"task_number": 1
						},
						{
							"id": 2,
							"step_number": 2,
							"instruction_eng": "Press “Install” to install the app into your computer.",
							"instruction_chi": "選取並點擊『安裝』，將軟件安裝到電腦。",
							"image": "https://peanutkingeducation.com/media/course_material/EDUKit/EDUKit_Lab_1/EDUKit_Lab_1_task_1/b_0WLNRxg.png",
							"image_alt_text": "",
							"code_snippet": "",
							"date_created": "2022-06-10T13:05:42Z",
							"course_name": 1,
							"lab_number": 8,
							"task_number": 1
						},
						{
							"id": 3,
							"step_number": 3,
							"instruction_eng": "After installation, search for “Arduino IDE” in the Search Bar of windows and launch it.",
							"instruction_chi": "安裝成功後，在開始找到軟件，運行軟件並進入界面。",
							"image": "https://peanutkingeducation.com/media/course_material/EDUKit/EDUKit_Lab_1/EDUKit_Lab_1_task_1/lab01t1pic3.png",
							"image_alt_text": "",
							"code_snippet": "<br>",
							"date_created": "2022-06-21T17:39:26Z",
							"course_name": 1,
							"lab_number": 8,
							"task_number": 1
						},
						{
							"id": 4,
							"step_number": 4,
							"instruction_eng": "Connect your Arduino Uno to computer using the given USB cable.",
							"instruction_chi": "將套件盒內的USB線和Uno開發板取出，並接上電腦。如下圖示：",
							"image": "https://peanutkingeducation.com/media/course_material/EDUKit/EDUKit_Lab_1/EDUKit_Lab_1_task_1/lab01t1pic4.png",
							"image_alt_text": "",
							"code_snippet": "",
							"date_created": "2022-06-21T18:17:24Z",
							"course_name": 1,
							"lab_number": 8,
							"task_number": 1
						},
						{
							"id": 5,
							"step_number": 5,
							"instruction_eng": "At the menu bar, select “Tools → Board → Arduino Uno”.",
							"instruction_chi": "進入界面，在菜單欄上選取“Tools → Board → Arduino Uno”。",
							"image": "https://peanutkingeducation.com/media/course_material/EDUKit/EDUKit_Lab_1/EDUKit_Lab_1_task_1/lab01t1pic5.png",
							"image_alt_text": "",
							"code_snippet": "",
							"date_created": "2022-06-21T18:19:40Z",
							"course_name": 1,
							"lab_number": 8,
							"task_number": 1
						},
						{
							"id": 6,
							"step_number": 6,
							"instruction_eng": "Select the Uploading Port at the menu bar. You might have a different port from me. Try pick the bottom COM.\r\n\r\nQuestion: Where is Menu Bar?\r\nAnswer: “Tools → Port → COM__(Arduino Uno)”",
							"instruction_chi": "在菜單欄選擇序列埠。你的選項編號也許跟我不一樣。嘗試選擇最底的一個COM埠。\r\n\r\n問題：菜單欄在哪裡？\r\n答案：“Tools → Port → COM__(Arduino Uno)”",
							"image": "https://peanutkingeducation.com/media/course_material/EDUKit/EDUKit_Lab_1/EDUKit_Lab_1_task_1/lab01t1pic6.png",
							"image_alt_text": "",
							"code_snippet": "",
							"date_created": "2022-06-21T18:21:25Z",
							"course_name": 1,
							"lab_number": 8,
							"task_number": 1
						}
					]
				},
				{
					"id": 2,
					"task_number": 2,
					"title_eng": "Show up “Hello World!”",
					"title_chi": "顯示“Hello World!”",
					"brief_eng": "Show up “Hello World!”",
					"brief_chi": "顯示“Hello World!”",
					"submission_requirements_eng": "You have finished this task. Submit the followings to Google Classroom. \r\nTask name: LAB01T02\r\nSubmission requirements:\r\n    1. Screenshot of Serial Monitor\r\n    2. Screenshot of Coding window",
					"submission_requirements_chi": "你已完成這個任務，請按下列要求遞交習作到Google課室。\r\n任務名稱：LAB01T02\r\n遞交要求：\r\n    1. 序列埠監控視窗的螢幕截圖\r\n    2. 你的程式代碼的螢幕截圖",
					"submission_required": true,
					"video": null,
					"steps": [
						{
							"id": 34,
							"step_number": 1,
							"instruction_eng": "Type the codes highlighted in yellow as shown below. Beware of the brackets and semicolons. Some are in BIG letters.",
							"instruction_chi": "將下面標示了黃色的代碼輸入到界面。注意標點符號有分號、雙開引號、大括號等。有些英文字母是大楷。",
							"image": "https://peanutkingeducation.com/media/course_material/EDUKit/EDUKit_Lab_1/EDUKit_Lab_1_task_2/a_dFAM1V0.png",
							"image_alt_text": "",
							"code_snippet": "<p>void setup() {<br><span style=\"background-color: rgb(255, 255, 0);\"><font color=\"#000000\">&nbsp;&nbsp; Serial.begin(9600);<br>&nbsp;&nbsp; Serial.print(\"Hello World!\");</font></span><br>}<br>&nbsp; <br>void loop() {<br>&nbsp;&nbsp; // put your main code here, to run repeatedly:<br>&nbsp;<br>}<br><br></p>",
							"date_created": "2022-07-08T11:59:44Z",
							"course_name": 1,
							"lab_number": 8,
							"task_number": 2
						},
						{
							"id": 35,
							"step_number": 2,
							"instruction_eng": "You should save the file before uploading the program to the board as a good practice. At Menu bar, select “File  Save As”.",
							"instruction_chi": "將代碼上載到開發板。彈出視窗請按『儲存』。",
							"image": "https://peanutkingeducation.com/media/course_material/EDUKit/EDUKit_Lab_1/EDUKit_Lab_1_task_2/edukitl1t2p2_We1S8Ex.png",
							"image_alt_text": "",
							"code_snippet": "",
							"date_created": "2022-07-08T12:01:05Z",
							"course_name": 1,
							"lab_number": 8,
							"task_number": 2
						},
						{
							"id": 36,
							"step_number": 3,
							"instruction_eng": "Do not change anything. Click “Save”.",
							"instruction_chi": "按下“Save“。",
							"image": "https://peanutkingeducation.com/media/course_material/EDUKit/EDUKit_Lab_1/EDUKit_Lab_1_task_2/edukitl1t2p3_qZYI7be.png",
							"image_alt_text": "",
							"code_snippet": "",
							"date_created": "2022-07-08T12:01:28Z",
							"course_name": 1,
							"lab_number": 8,
							"task_number": 2
						},
						{
							"id": 37,
							"step_number": 4,
							"instruction_eng": "Let’s upload the program to the board. At Menu bar, select “Sketch → Upload”.",
							"instruction_chi": "上載程式碼到開發板。",
							"image": "https://peanutkingeducation.com/media/course_material/EDUKit/EDUKit_Lab_1/EDUKit_Lab_1_task_2/edukitl1t2p4_F7yCfOr.png",
							"image_alt_text": "",
							"code_snippet": "",
							"date_created": "2022-07-08T12:02:08Z",
							"course_name": 1,
							"lab_number": 8,
							"task_number": 2
						},
						{
							"id": 38,
							"step_number": 5,
							"instruction_eng": "After Done uploading, at Menu bar, select “Tools  Serial Monitor” (Ctrl+Shift+M) to open Serial Monitor.",
							"instruction_chi": "完成上載後，開啟『序列埠監控視窗』。",
							"image": "https://peanutkingeducation.com/media/course_material/EDUKit/EDUKit_Lab_1/EDUKit_Lab_1_task_2/edukitl1t2p5_1BzVY3B.png",
							"image_alt_text": "",
							"code_snippet": "",
							"date_created": "2022-07-08T12:03:03Z",
							"course_name": 1,
							"lab_number": 8,
							"task_number": 2
						},
						{
							"id": 39,
							"step_number": 6,
							"instruction_eng": "Select “9600 baud” as baud rate to check the expected output. You will see the words showing up!",
							"instruction_chi": "將鮑率設置為9600。你會看到以下結果：",
							"image": "https://peanutkingeducation.com/media/course_material/EDUKit/EDUKit_Lab_1/EDUKit_Lab_1_task_2/edukitl1t2p6_jkpRhD4.png",
							"image_alt_text": "",
							"code_snippet": "",
							"date_created": "2022-07-08T12:03:32Z",
							"course_name": 1,
							"lab_number": 8,
							"task_number": 2
						}
					]
				},
				{
					"id": 8,
					"task_number": 3,
					"title_eng": "Display words & numbers",
					"title_chi": "顯示文字和數字",
					"brief_eng": "Display words & numbers",
					"brief_chi": "顯示文字和數字",
					"submission_requirements_eng": "You have finished this task. Submit the followings to Google Classroom. \r\nTask name: LAB01T03\r\nSubmission requirements:\r\n    1. Screenshot of Serial Monitor\r\n    2. Screenshot of Coding window",
					"submission_requirements_chi": "你已完成這個任務，請按下列要求遞交習作到Google課室。\r\n任務名稱：LAB01T03\r\n遞交要求：\r\n    1. 序列埠監控視窗的螢幕截圖\r\n    2. 你的程式代碼的螢幕截圖",
					"submission_required": true,
					"video": null,
					"steps": [
						{
							"id": 40,
							"step_number": 1,
							"instruction_eng": "We have tried showing words. Let’s show up some numbers. We do not need to type in quotes. Simply add a new line and type the codes highlighted in yellow.",
							"instruction_chi": "上一個任務已經成功將文字顯示出來。我們嘗試將數字顯示出來，留意不需要打雙引號。直接開新一行增加輸入下面標示了黃色的代碼就可以了。",
							"image": "https://peanutkingeducation.com/media/course_material/EDUKit/EDUKit_Lab_1/EDUKit_Lab_1_task_3/edukitl1t3p1_ywNTLS0.png",
							"image_alt_text": "",
							"code_snippet": "<p>void setup() {<br>&nbsp;&nbsp; Serial.begin(9600);<br>&nbsp;&nbsp; Serial.print(\"Hello World!\");<br>&nbsp;&nbsp; Serial.print(5201314);<br>}<br><br>void loop() {<br>&nbsp;<br>}<br></p>",
							"date_created": "2022-07-08T12:04:16Z",
							"course_name": 1,
							"lab_number": 8,
							"task_number": 8
						},
						{
							"id": 41,
							"step_number": 2,
							"instruction_eng": "Upload the program using same method.",
							"instruction_chi": "用同樣方法，將代碼上載到開發板。",
							"image": "https://peanutkingeducation.com/media/course_material/EDUKit/EDUKit_Lab_1/EDUKit_Lab_1_task_3/edukitl1t3p2_olggWPL.png",
							"image_alt_text": "",
							"code_snippet": "",
							"date_created": "2022-07-08T12:06:16Z",
							"course_name": 1,
							"lab_number": 8,
							"task_number": 8
						},
						{
							"id": 42,
							"step_number": 3,
							"instruction_eng": "After Done Uploading, open “Serial Monitor” again. This is what you will see:",
							"instruction_chi": "完成上載後，打開『序列埠監控視窗』。你會看到下面資料：",
							"image": "https://peanutkingeducation.com/media/course_material/EDUKit/EDUKit_Lab_1/EDUKit_Lab_1_task_3/edukitl1t3p2__vF8GQFs.png",
							"image_alt_text": "",
							"code_snippet": "",
							"date_created": "2022-07-08T12:06:51Z",
							"course_name": 1,
							"lab_number": 8,
							"task_number": 8
						},
						{
							"id": 43,
							"step_number": 4,
							"instruction_eng": "The words are too crowded now. We want the numbers to show on a new line. Simply change the words from “Serial.print” to “Serial.println”. The letters are “L” and “N” in small letters highlighted in yellow.",
							"instruction_chi": "顯示的字太密了，我們想將數字顯示在下一行。步驟十分簡單，將原來的“print”字後面加上ln兩個英文字母。留意是『L』和『N』的細楷，如下面標示黃色的。",
							"image": "https://peanutkingeducation.com/media/course_material/EDUKit/EDUKit_Lab_1/EDUKit_Lab_1_task_3/edukitl1t3p3_zmaULmm.png",
							"image_alt_text": "",
							"code_snippet": "<p>void setup() {<br>&nbsp;&nbsp; Serial.begin(9600);<br>&nbsp;&nbsp; Serial.println(\"Hello World!\");<br>&nbsp;&nbsp; Serial.println(5201314);<br>}</p><p><br></p><p>void loop() {<br>&nbsp;&nbsp; // put your main code here, to run repeatedly:<br><br>}<br></p>",
							"date_created": "2022-07-08T12:07:22Z",
							"course_name": 1,
							"lab_number": 8,
							"task_number": 8
						},
						{
							"id": 44,
							"step_number": 5,
							"instruction_eng": "Upload the codes again and open “Serial Monitor”. The results should be like this:",
							"instruction_chi": "再次上載代碼，然後打開『序列埠監控視窗』。顯示結果如下：",
							"image": "https://peanutkingeducation.com/media/course_material/EDUKit/EDUKit_Lab_1/EDUKit_Lab_1_task_3/edukitl1t3p2__tF1HBxb.png",
							"image_alt_text": "",
							"code_snippet": "",
							"date_created": "2022-07-08T12:08:26Z",
							"course_name": 1,
							"lab_number": 8,
							"task_number": 8
						}
					]
				},
				{
					"id": 10,
					"task_number": 4,
					"title_eng": "Move the codes into loop",
					"title_chi": "將代碼放進迴圈裡",
					"brief_eng": "Move the codes into loop",
					"brief_chi": "將代碼放進迴圈裡",
					"submission_requirements_eng": "You have finished this task. Submit the followings to Google Classroom. \r\nTask name: LAB01T04\r\nSubmission requirements:\r\n    3. Screenshot of Serial Monitor\r\n    4. Screenshot of Coding window",
					"submission_requirements_chi": "你已完成這個任務，請按下列要求遞交習作到Google課室。\r\n任務名稱：LAB01T04\r\n遞交要求：\r\n    3. 序列埠監控視窗的螢幕截圖\r\n    4. 你的程式代碼的螢幕截圖",
					"submission_required": false,
					"video": null,
					"steps": [
						{
							"id": 45,
							"step_number": 1,
							"instruction_eng": "Let’s try moving the codes into the loop. Move the two lines highlighted in yellow as shown below.",
							"instruction_chi": "試試將代碼移動到迴圈裡面。搬動標示黃色的兩句到下圖所示的位置：",
							"image": "https://peanutkingeducation.com/media/course_material/EDUKit/EDUKit_Lab_1/EDUKit_Lab_1_task_4/edukitl1t4p1_v2qtyME.png",
							"image_alt_text": "",
							"code_snippet": "<p>void setup() {<br>&nbsp;&nbsp; Serial.begin(9600);<br><br>}</p><p><br></p><p>void loop() {<br>&nbsp;&nbsp; Serial.println(\"Hello World!\");<br>&nbsp;&nbsp; Serial.println(5201314);<br>}<br></p>",
							"date_created": "2022-07-08T12:09:31Z",
							"course_name": 1,
							"lab_number": 8,
							"task_number": 10
						},
						{
							"id": 46,
							"step_number": 2,
							"instruction_eng": "Upload the codes to the board again. After Done Uploading, open “Serial Monitor”. You should see this.",
							"instruction_chi": "再次上載代碼去開發板，完成上載後再打開『序列埠監控視窗』。應該見到以下結果：",
							"image": "https://peanutkingeducation.com/media/course_material/EDUKit/EDUKit_Lab_1/EDUKit_Lab_1_task_4/edukitl1t4p2_KUVr6NH.png",
							"image_alt_text": "",
							"code_snippet": "",
							"date_created": "2022-07-08T12:10:33Z",
							"course_name": 1,
							"lab_number": 8,
							"task_number": 10
						}
					]
				}
			]
		},
		{
			"id": 9,
			"lab_number": 2,
			"lab_title_eng": "Traffic Light",
			"lab_title_chi": "交通燈",
			"learning_outcome_eng": "Understand Basic structure of a circuit\r\nBe able to identify digital and analog write\r\nUnderstand concept of variables",
			"learning_outcome_chi": "瞭解基本電路\r\n分辨digital和analog write\r\n學習變量的概念",
			"materials": [],
			"tasks": [
				{
					"id": 3,
					"task_number": 1,
					"title_eng": "Railway Level-crossing",
					"title_chi": "鐵路平交道訊號燈",
					"brief_eng": "In this task, we are going to construct a Railway Level-crossing. All traffic lights do not light up forever. Therefore,we need to turn it ON and OFF frequently.",
					"brief_chi": "這個任務要製作鐵路平交道的訊號燈。交通燈不會常亮的，會按照時間而開關，所以我們要控制交通燈開燈和關燈",
					"submission_requirements_eng": "Short video of your LED flashing  \r\nScreenshot of Coding windo",
					"submission_requirements_chi": "短片顯示LED燈閃爍 \r\n你的程式代碼的螢幕截圖",
					"submission_required": true,
					"video": null,
					"steps": [
						{
							"id": 7,
							"step_number": 1,
							"instruction_eng": "Install Uno Shield and Uno board as shown. Note the directions of boards that DC plugs should be on SAME side.All pins must be inserted tightly.",
							"instruction_chi": "將開發板和擴展板如下圖安裝好。注意安裝的方向，兩塊板的電源插孔應該在同一方向；所有針腳也必須完全對上並貼合。",
							"image": "https://peanutkingeducation.com/media/course_material/EDUKit/EDUKit_Lab_2/EDUKit_Lab_2_task_1/7-7-2022_17450_onedrive.live.com.jpeg",
							"image_alt_text": "",
							"code_snippet": "",
							"date_created": "2022-07-07T17:02:24Z",
							"course_name": 1,
							"lab_number": 9,
							"task_number": 3
						},
						{
							"id": 8,
							"step_number": 2,
							"instruction_eng": "Take out Red LED and connect the cable with LED as shown. Follow the colour code, black wire goes to pin “G” or “GND”.",
							"instruction_chi": "取出紅色LED，並按下圖插上連接線。留意顏色，黑色線要接上GND。不可接錯。",
							"image": "https://peanutkingeducation.com/media/course_material/EDUKit/EDUKit_Lab_2/EDUKit_Lab_2_task_1/7-7-2022_172816_onedrive.live.com.jpeg",
							"image_alt_text": "",
							"code_snippet": "",
							"date_created": "2022-07-07T17:26:35Z",
							"course_name": 1,
							"lab_number": 9,
							"task_number": 3
						},
						{
							"id": 9,
							"step_number": 3,
							"instruction_eng": "Connect the other side of cable to Pin D3 on Uno Shield as shown below. Black wire connects to pin “G” or “GND” on the Shield.",
							"instruction_chi": "如下圖，將連接線的另一端插上擴展板的D3端口。留意顏色，黑色線要接上G針（黑色針）。",
							"image": "https://peanutkingeducation.com/media/course_material/EDUKit/EDUKit_Lab_2/EDUKit_Lab_2_task_1/7-7-2022_17302_onedrive.live.com.jpeg",
							"image_alt_text": "",
							"code_snippet": "",
							"date_created": "2022-07-07T17:29:07Z",
							"course_name": 1,
							"lab_number": 9,
							"task_number": 3
						},
						{
							"id": 10,
							"step_number": 4,
							"instruction_eng": "Take out USB cable and connect the Uno Board to your computer. Your computer should detect the board automatically and prompts up message. If no, you might need to download and install the driver separately.",
							"instruction_chi": "取出USB線，連接Uno開發板和電腦。接上電腦後，電腦會自動偵測到開發板並彈出訊息。如果沒有，你可能需要另外下載並安裝驅動程式。",
							"image": "https://peanutkingeducation.com/media/course_material/EDUKit/EDUKit_Lab_2/EDUKit_Lab_2_task_1/7-7-2022_173137_onedrive.live.com.jpeg",
							"image_alt_text": "",
							"code_snippet": "",
							"date_created": "2022-07-07T17:30:31Z",
							"course_name": 1,
							"lab_number": 9,
							"task_number": 3
						},
						{
							"id": 11,
							"step_number": 5,
							"instruction_eng": "After connecting all hardware successfully, open Arduino IDE in your computer. Type in the following codes as shown below.",
							"instruction_chi": "成功接上所有硬件後，打開Arduino軟件。將下面程式代碼輸入到電腦。",
							"image": "https://peanutkingeducation.com/media/course_material/EDUKit/EDUKit_Lab_2/EDUKit_Lab_2_task_1/7-7-2022_173312_onedrive.live.com.jpeg",
							"image_alt_text": "",
							"code_snippet": "",
							"date_created": "2022-07-07T17:32:20Z",
							"course_name": 1,
							"lab_number": 9,
							"task_number": 3
						},
						{
							"id": 12,
							"step_number": 6,
							"instruction_eng": "Upload the program as previous labs. At Menu bar, select “Sketch -&gt; Upload” or press Ctrl + U.",
							"instruction_chi": "如之前實驗一樣，上載程式到開發板。在菜單欄，點按『草稿碼 -&gt; 上傳』。",
							"image": "https://peanutkingeducation.com/media/course_material/EDUKit/EDUKit_Lab_2/EDUKit_Lab_2_task_1/7-7-2022_17357_onedrive.live.com.jpeg",
							"image_alt_text": "",
							"code_snippet": "",
							"date_created": "2022-07-07T17:34:14Z",
							"course_name": 1,
							"lab_number": 9,
							"task_number": 3
						},
						{
							"id": 13,
							"step_number": 7,
							"instruction_eng": "The LED will flash with 0.5 seconds interval, i.e., turns ON for 0.5s and then OFF for 0.5s.",
							"instruction_chi": "LED燈會隔5秒閃一次，即是亮5秒，關5秒。",
							"image": "https://peanutkingeducation.com/media/course_material/EDUKit/EDUKit_Lab_2/EDUKit_Lab_2_task_1/7-7-2022_175425_onedrive.live.com.jpeg",
							"image_alt_text": "",
							"code_snippet": "",
							"date_created": "2022-07-07T17:53:43Z",
							"course_name": 1,
							"lab_number": 9,
							"task_number": 3
						}
					]
				},
				{
					"id": 4,
					"task_number": 2,
					"title_eng": "Pedestrian-crossing Light",
					"title_chi": "行人過路交通燈",
					"brief_eng": "For pedestrian-crossing light, two LEDs are needed, the red and the green. The lights are also flashed in specific pattern.",
					"brief_chi": "而行人過路交通燈，則需要用兩粒LED燈：紅燈和綠燈。兩盞燈也是按照特定的規律而亮起",
					"submission_requirements_eng": "Short video of your LED flashing \r\nScreenshot of Coding window",
					"submission_requirements_chi": "短片顯示LED燈閃爍 \r\n你的程式代碼的螢幕截圖",
					"submission_required": true,
					"video": null,
					"steps": [
						{
							"id": 14,
							"step_number": 1,
							"instruction_eng": "Add a green LED to the setup. Take out green LED and connect it to Pin D4 of Uno Shield (the pin next to red LED) as shown below.",
							"instruction_chi": "取出綠色LED，並按下圖接上三色連接線。連接線另一端則接上擴展板的D4端口（紅色LED的隔離）。注意黑色線要插在GND或黑色G針。",
							"image": "https://peanutkingeducation.com/media/course_material/EDUKit/EDUKit_Lab_2/EDUKit_Lab_2_task_2/7-7-2022_18350_onedrive.live.com.jpeg",
							"image_alt_text": "",
							"code_snippet": "",
							"date_created": "2022-07-07T18:02:47Z",
							"course_name": 1,
							"lab_number": 9,
							"task_number": 4
						},
						{
							"id": 15,
							"step_number": 2,
							"instruction_eng": "The program should add a few more lines. Follow the diagram below and type in the codes to the program. Note the position of the lines and make sure they are correct. You do not need to type the green words. They are called comments, for human to take notes.",
							"instruction_chi": "在程式中增加數行代碼。按照下面所示，將代碼輸入到相對應的位置。綠色的註解（雙斜線後的句子）不需要輸入。",
							"image": "https://peanutkingeducation.com/media/course_material/EDUKit/EDUKit_Lab_2/EDUKit_Lab_2_task_2/%E7%B6%B2%E9%A0%81%E6%93%B7%E5%8F%96_7-7-2022_18517_onedrive.live.com.jpeg",
							"image_alt_text": "",
							"code_snippet": "",
							"date_created": "2022-07-07T18:04:18Z",
							"course_name": 1,
							"lab_number": 9,
							"task_number": 4
						},
						{
							"id": 16,
							"step_number": 3,
							"instruction_eng": "Upload the program as previous labs. Go to menu bar and select “Sketch -> Upload” or press Ctrl + U.",
							"instruction_chi": "如之前實驗一樣，上載程式到開發板。在菜單欄，點按『草稿碼 -> 上傳』。",
							"image": "https://peanutkingeducation.com/media/course_material/EDUKit/EDUKit_Lab_2/EDUKit_Lab_2_task_2/7-7-2022_18644_onedrive.live.com.jpeg",
							"image_alt_text": "",
							"code_snippet": "",
							"date_created": "2022-07-07T18:05:45Z",
							"course_name": 1,
							"lab_number": 9,
							"task_number": 4
						}
					]
				},
				{
					"id": 5,
					"task_number": 3,
					"title_eng": "Traffic Light for Cars",
					"title_chi": "馬路交通燈",
					"brief_eng": "The traffic light for cars consists of 3 colours, the red, yellow and green. They have specific lighting sequence.",
					"brief_chi": "馬路的交通燈由三種顏色組成：紅、黃、綠色。",
					"submission_requirements_eng": "Short video of your LED flashing\r\nScreenshot of Coding window",
					"submission_requirements_chi": "短片顯示LED燈閃爍\r\n你的程式代碼的螢幕截圖",
					"submission_required": true,
					"video": null,
					"steps": [
						{
							"id": 17,
							"step_number": 1,
							"instruction_eng": "Add digital pin 5 of the Shield with the YELLOW LED module.",
							"instruction_chi": "取出黃色LED，並將連接線如下圖接上，將線的另一端插在擴展板的D5端口。注意黑色線要接在GND或黑色的G針。",
							"image": "https://peanutkingeducation.com/media/course_material/EDUKit/EDUKit_Lab_2/EDUKit_Lab_2_task_3/7-7-2022_18947_onedrive.live.com.jpeg",
							"image_alt_text": "",
							"code_snippet": "",
							"date_created": "2022-07-07T18:09:02Z",
							"course_name": 1,
							"lab_number": 9,
							"task_number": 5
						},
						{
							"id": 18,
							"step_number": 2,
							"instruction_eng": "Change the program a bit. Set the yellow LED pin to D5, pin mode to output as well. The changes are highlighted in yellow below. You do not need to type comments.",
							"instruction_chi": "在程式增加數行代碼，將黃燈設置在D5端口，並將端口設置未輸出模式。下面增加的代碼已標示為黃色，綠色的註解不需要輸入。",
							"image": "https://peanutkingeducation.com/media/course_material/EDUKit/EDUKit_Lab_2/EDUKit_Lab_2_task_3/7-7-2022_181123_onedrive.live.com.jpeg",
							"image_alt_text": "",
							"code_snippet": "",
							"date_created": "2022-07-07T18:10:14Z",
							"course_name": 1,
							"lab_number": 9,
							"task_number": 5
						},
						{
							"id": 19,
							"step_number": 3,
							"instruction_eng": "Upload the program as previous tasks. Check if the sequence is the same as shown below.",
							"instruction_chi": "如之前實驗一樣，上載程式到開發板。完成後，查看是否按照下面的規律。",
							"image": "https://peanutkingeducation.com/media/course_material/EDUKit/EDUKit_Lab_2/EDUKit_Lab_2_task_3/7-7-2022_181229_onedrive.live.com.jpeg",
							"image_alt_text": "",
							"code_snippet": "",
							"date_created": "2022-07-07T18:11:54Z",
							"course_name": 1,
							"lab_number": 9,
							"task_number": 5
						}
					]
				}
			]
		},
		{
			"id": 11,
			"lab_number": 3,
			"lab_title_eng": "Sensors and actuators",
			"lab_title_chi": "感測器和執行器",
			"learning_outcome_eng": "1. Understand “map” function change the range of values in Arduino.\r\n    2. Know more about tactics to improve performance of program and robots.",
			"learning_outcome_chi": "1. 認識Arduino的『map』函數去改變數值範圍。\r\n    2. 了解更多關於改善機械人和程式的效能的技巧。",
			"materials": [],
			"tasks": [
				{
					"id": 11,
					"task_number": 1,
					"title_eng": "Test the touch sensors",
					"title_chi": "測試觸碰感測器",
					"brief_eng": "Test the touch sensors",
					"brief_chi": "測試觸碰感測器",
					"submission_requirements_eng": "You have finished this task. Submit the followings to Google Classroom. \r\nTask name: LAB03T1\r\nSubmission requirements:\r\n    1. Short video showing Serial Monitor and readings changing.\r\n    2. Screenshot of Coding window",
					"submission_requirements_chi": "你已完成這個任務，請按下列要求遞交習作到Google課室。\r\n任務名稱：LAB03T1\r\n遞交要求：\r\n    1. 短片顯示序列埠監視器內的讀數變動\r\n    2. 你的程式代碼的螢幕截圖",
					"submission_required": true,
					"video": null,
					"steps": [
						{
							"id": 47,
							"step_number": 1,
							"instruction_eng": "Take out the touch sensor. Keep the package. Put them back in the bag after finishing this lab.",
							"instruction_chi": "取出觸碰感測器。請保留包裝袋，完成本實驗後請將感測器和連接線放回包裝袋好好保存。",
							"image": "https://peanutkingeducation.com/media/course_material/EDUKit/EDUKit_Lab_3/EDUKit_Lab_3_task_1/%E5%9C%96%E7%89%871_rvgg0Ub.png",
							"image_alt_text": "",
							"code_snippet": "",
							"date_created": "2022-07-08T12:14:02Z",
							"course_name": 1,
							"lab_number": 11,
							"task_number": 11
						},
						{
							"id": 48,
							"step_number": 2,
							"instruction_eng": "Connect the cable with sensor as shown. Follow the colour code, black wire goes to pin “G” or “GND”.",
							"instruction_chi": "如下圖，將連接線插上傳感器。注意顏色及方向，黑色芯線應該對應GND針腳。",
							"image": "https://peanutkingeducation.com/media/course_material/EDUKit/EDUKit_Lab_3/EDUKit_Lab_3_task_1/%E5%9C%96%E7%89%872_BqJvzKt.png",
							"image_alt_text": "",
							"code_snippet": "",
							"date_created": "2022-07-08T12:14:28Z",
							"course_name": 1,
							"lab_number": 11,
							"task_number": 11
						},
						{
							"id": 49,
							"step_number": 3,
							"instruction_eng": "Connect the other side of cable to Pin D3 on Uno Shield as shown below. Black wire connects to pin “G” or “GND” on the Shield.",
							"instruction_chi": "如下圖，將連接線的另一端插上擴展板的D3端口。注意顏色及方向，黑色芯線應該對應G針腳。",
							"image": "https://peanutkingeducation.com/media/course_material/EDUKit/EDUKit_Lab_3/EDUKit_Lab_3_task_1/%E5%9C%96%E7%89%873_qtLtiet.png",
							"image_alt_text": "",
							"code_snippet": "",
							"date_created": "2022-07-08T12:14:59Z",
							"course_name": 1,
							"lab_number": 11,
							"task_number": 11
						},
						{
							"id": 50,
							"step_number": 4,
							"instruction_eng": "Take out USB cable and connect the Uno Board to your computer. Your computer should detect the board automatically and prompts up message. If no, you might need to download and install the driver separately.",
							"instruction_chi": "取出USB線，連接Uno開發板和電腦。接上電腦後，電腦會自動偵測到開發板並彈出訊息。如果沒有，你可能需要另外下載並安裝驅動程式。",
							"image": "https://peanutkingeducation.com/media/course_material/EDUKit/EDUKit_Lab_3/EDUKit_Lab_3_task_1/%E5%9C%96%E7%89%874_1JcB6WJ.png",
							"image_alt_text": "",
							"code_snippet": "",
							"date_created": "2022-07-08T12:15:23Z",
							"course_name": 1,
							"lab_number": 11,
							"task_number": 11
						},
						{
							"id": 51,
							"step_number": 5,
							"instruction_eng": "After connecting all hardware successfully, open Arduino IDE in your computer. Type in the following codes as shown below. Beware of the capital and small letters. Programs are case sensitive.",
							"instruction_chi": "成功接上所有硬件後，打開Arduino軟件。將下面程式代碼輸入到電腦。留意大小寫，代碼有分大寫和小寫字母。注意句末有分號，記得要輸入。",
							"image": "https://peanutkingeducation.com/media/course_material/EDUKit/EDUKit_Lab_3/EDUKit_Lab_3_task_1/%E8%9E%A2%E5%B9%95%E6%93%B7%E5%8F%96%E7%95%AB%E9%9D%A2_2022-07-08_153350.png",
							"image_alt_text": "",
							"code_snippet": "<p>void setup() {<br>&nbsp;&nbsp; pinMode(3,INTPUT);<br>&nbsp;&nbsp; Serial.begin(9600);<br>}<br><br>void loop() {<br>&nbsp;&nbsp; int touch = digitalRead(3);<br>&nbsp;&nbsp; Serial.println(touch);<br>}<br></p>",
							"date_created": "2022-07-08T12:16:04Z",
							"course_name": 1,
							"lab_number": 11,
							"task_number": 11
						},
						{
							"id": 52,
							"step_number": 6,
							"instruction_eng": "Upload the program as previous labs. Make sure you have set up the Port and Board properly. At Menu bar, select “Sketch -> Upload” or press Ctrl + U.",
							"instruction_chi": "如之前實驗一樣，上載程式到開發板。記得確認端口和開發板已經設定好。在菜單欄，點按『草稿碼 -> 上傳』。",
							"image": "https://peanutkingeducation.com/media/course_material/EDUKit/EDUKit_Lab_3/EDUKit_Lab_3_task_1/%E8%9E%A2%E5%B9%95%E6%93%B7%E5%8F%96%E7%95%AB%E9%9D%A2_2022-07-08_153350_tBCDTtu.png",
							"image_alt_text": "",
							"code_snippet": "",
							"date_created": "2022-07-08T12:17:15Z",
							"course_name": 1,
							"lab_number": 11,
							"task_number": 11
						},
						{
							"id": 53,
							"step_number": 7,
							"instruction_eng": "After successful uploading, at Menu bar, select “Tools -> Serial Monitor” to open the Serial Monitor and read the results.\r\n\r\nIf the sensor is pressed, the reading turns 0.\r\nIf the sensor is released, the reading turns 1.",
							"instruction_chi": "上載程式。上載成功後，點按『工具 -> 序列埠監控視窗』，查看是否看到下面結果。\r\n\r\n如果按下觸碰感測器，讀數變0；\r\n如果放開觸碰感測器，讀數變1。",
							"image": "https://peanutkingeducation.com/media/course_material/EDUKit/EDUKit_Lab_3/EDUKit_Lab_3_task_1/%E5%9C%96%E7%89%875_v3ecrCd.png",
							"image_alt_text": "",
							"code_snippet": "",
							"date_created": "2022-07-08T12:17:34Z",
							"course_name": 1,
							"lab_number": 11,
							"task_number": 11
						},
						{
							"id": 54,
							"step_number": 8,
							"instruction_eng": "Change the codes a bit. Add an “!” before the digitalRead as shown below (highlighted in yellow).",
							"instruction_chi": "更改其中一小部分的代碼。如下圖示，在黃色標示的地方加上感嘆號『！』。",
							"image": "https://peanutkingeducation.com/media/course_material/EDUKit/EDUKit_Lab_3/EDUKit_Lab_3_task_1/%E8%9E%A2%E5%B9%95%E6%93%B7%E5%8F%96%E7%95%AB%E9%9D%A2_2022-07-08_153350_cuXgwtT.png",
							"image_alt_text": "",
							"code_snippet": "<p>void setup() {<br>&nbsp;&nbsp; pinMode(3,INPUT);<br>&nbsp;&nbsp; Serial.begin(9600);<br>}<br><br>void loop() {<br>&nbsp;&nbsp; int touch = !digitalRead(3);<br>&nbsp;&nbsp; Serial.println(touch);<br>}<br></p>",
							"date_created": "2022-07-08T12:18:23Z",
							"course_name": 1,
							"lab_number": 11,
							"task_number": 11
						},
						{
							"id": 55,
							"step_number": 9,
							"instruction_eng": "Upload the program again and open Serial Monitor again. Now the numbers are flipped!",
							"instruction_chi": "上載程式，打開『序列埠監控視窗』並查看讀數是否有反轉，1和0對調。",
							"image": "https://peanutkingeducation.com/media/course_material/EDUKit/EDUKit_Lab_3/EDUKit_Lab_3_task_1/%E8%9E%A2%E5%B9%95%E6%93%B7%E5%8F%96%E7%95%AB%E9%9D%A2_2022-07-07_182048_SUAjDWR.png",
							"image_alt_text": "",
							"code_snippet": "",
							"date_created": "2022-07-08T12:19:03Z",
							"course_name": 1,
							"lab_number": 11,
							"task_number": 11
						}
					]
				},
				{
					"id": 12,
					"task_number": 2,
					"title_eng": "Wardrobe Lighting",
					"title_chi": "衣櫃照明燈",
					"brief_eng": "A wardrobe lighting detects the door. The light will power on when the door is opened. Let’s add an LED to our set up and make a DIY wardrobe lighting.",
					"brief_chi": "衣櫃照明燈是偵測櫃門有否打開而亮燈。如果櫃門打開，照明燈會亮起；如果關櫃門，照明燈會熄掉。接續上任務，增加一個白色LED燈去完成製作衣櫃照明燈！",
					"submission_requirements_eng": "You have finished this task. Submit the followings to Google Classroom. \r\nTask name: LAB03T2\r\nSubmission requirements:\r\n    1. Take a short video showing touch sensor and LED switching on and off.\r\n    2. Screenshot of coding window",
					"submission_requirements_chi": "你已完成這個任務，請按下列要求遞交習作到Google課室。\r\n任務名稱：LAB03T2\r\n遞交要求：\r\n    1. 一段短片顯示觸碰按下時關燈、放開觸碰時開燈。\r\n    2. 你的程式代碼的螢幕截圖",
					"submission_required": true,
					"video": null,
					"steps": [
						{
							"id": 56,
							"step_number": 1,
							"instruction_eng": "On top of Task 1, take out a white LED and connect the cable with LED as shown. Follow the colour code, black wire goes to pin “G” or “GND”. Remember to disconnect the USB cable.",
							"instruction_chi": "接續任務一，取出白色LED燈。並如下圖接上連接線。注意顏色及方向，黑色芯線應該對應GND針腳。記得必須要拔除USB線！請保留包裝袋，完成本實驗後請將感測器和連接線放回包裝袋好好保存。",
							"image": "https://peanutkingeducation.com/media/course_material/EDUKit/EDUKit_Lab_3/EDUKit_Lab_3_task_2/a1.png",
							"image_alt_text": "",
							"code_snippet": "",
							"date_created": "2022-07-08T12:20:22Z",
							"course_name": 1,
							"lab_number": 11,
							"task_number": 12
						},
						{
							"id": 57,
							"step_number": 2,
							"instruction_eng": "Connect the other side of cable to Pin D4 on Uno Shield as shown below. Black wire connects to pin “G” or “GND” on the Shield.",
							"instruction_chi": "如下圖，將連接線的另一端插上擴展板的D4端口。注意顏色及方向，黑色芯線應該對應G針腳。",
							"image": "https://peanutkingeducation.com/media/course_material/EDUKit/EDUKit_Lab_3/EDUKit_Lab_3_task_2/%E5%9C%96%E7%89%877_BoDELF9.png",
							"image_alt_text": "",
							"code_snippet": "",
							"date_created": "2022-07-08T12:20:43Z",
							"course_name": 1,
							"lab_number": 11,
							"task_number": 12
						},
						{
							"id": 58,
							"step_number": 3,
							"instruction_eng": "After connecting all hardware successfully, Add the following codes as shown below. (Changes are highlighted in yellow)",
							"instruction_chi": "成功接上所有硬件後，將下面標示黃色的代碼增加到程式中。留意大小寫，代碼有分大寫和小寫字母。注意句末有分號，記得要輸入。",
							"image": "https://peanutkingeducation.com/media/course_material/EDUKit/EDUKit_Lab_3/EDUKit_Lab_3_task_2/%E8%9E%A2%E5%B9%95%E6%93%B7%E5%8F%96%E7%95%AB%E9%9D%A2_2022-07-08_153350_6X1CeTb.png",
							"image_alt_text": "",
							"code_snippet": "<p>void setup(){ &nbsp;&nbsp;&nbsp; </p><p>&nbsp;&nbsp; pinMode(3,INPUT);<br>&nbsp;&nbsp; pinMode(4,OUTPUT);<br>&nbsp;&nbsp; Serial.begin(9600);<br>}<br><br>void loop() {<br>&nbsp;&nbsp; int touch = !digitalRead(3);<br>&nbsp;&nbsp; Serial.println(touch);<br>&nbsp;&nbsp; digitalWrite(4,touch);<br>}<br></p>",
							"date_created": "2022-07-08T12:21:05Z",
							"course_name": 1,
							"lab_number": 11,
							"task_number": 12
						},
						{
							"id": 59,
							"step_number": 4,
							"instruction_eng": "Upload the program and test the set-up.",
							"instruction_chi": "上載程式並測試裝置。如果觸碰感測器被按下，燈會熄滅；如果觸碰被鬆開，燈會打開。",
							"image": "https://peanutkingeducation.com/media/course_material/EDUKit/EDUKit_Lab_3/EDUKit_Lab_3_task_2/%E8%9E%A2%E5%B9%95%E6%93%B7%E5%8F%96%E7%95%AB%E9%9D%A2_2022-07-08_153350.png",
							"image_alt_text": "",
							"code_snippet": "",
							"date_created": "2022-07-08T12:21:59Z",
							"course_name": 1,
							"lab_number": 11,
							"task_number": 12
						}
					]
				}
			]
		},
		{
			"id": 10,
			"lab_number": 4,
			"lab_title_eng": "Build Your Robot！",
			"lab_title_chi": "動手製作機械人！",
			"learning_outcome_eng": "Understand the use of hand tools.\r\nRecognise different common sensors and actuators.",
			"learning_outcome_chi": "學習使用手工具。\r\n認識常見的傳感器及執行器。",
			"materials": [],
			"tasks": [
				{
					"id": 6,
					"task_number": 1,
					"title_eng": "Build Your Robot",
					"title_chi": "製作機械人",
					"brief_eng": "In this lab, we are building the robot. Prepare all necessary components and tools.",
					"brief_chi": "本實驗會學習組裝機械人．請準備所需材料和工具。",
					"submission_requirements_eng": "build the robot",
					"submission_requirements_chi": "完成機器人",
					"submission_required": true,
					"video": null,
					"steps": [
						{
							"id": 20,
							"step_number": 1,
							"instruction_eng": "Install right side motor as shown below. Insert 2 T- connectors to the chassis as shown below. Put the motor BETWEEN the T-connectors. Screw the motor using 2 M3*30 screws and nuts as shown. Note the direction of motors and direction of screws.",
							"instruction_chi": "先安裝右邊電動機。如下圖，將2塊T板放進車架的指定位置，然後將電動機夾在兩塊T板中間，並用『M3*30金屬平頭螺絲』和『金屬絲帽』安裝。留意電動機的安裝方向，留意螺絲安裝方向。",
							"image": "https://peanutkingeducation.com/media/course_material/EDUKit/EDUKit_Lab_4/EDUKit_Lab_4_task_1/7-7-2022_182931_onedrive.live.com.jpeg",
							"image_alt_text": "",
							"code_snippet": "",
							"date_created": "2022-07-07T18:28:20Z",
							"course_name": 1,
							"lab_number": 10,
							"task_number": 6
						},
						{
							"id": 21,
							"step_number": 2,
							"instruction_eng": "Install the left motor using the same method after confirming the right one is installed correctly.",
							"instruction_chi": "確認右邊電動機安裝正確，再按照同樣方法，安裝左邊電動機。",
							"image": "https://peanutkingeducation.com/media/course_material/EDUKit/EDUKit_Lab_4/EDUKit_Lab_4_task_1/7-7-2022_183036_onedrive.live.com.jpeg",
							"image_alt_text": "",
							"code_snippet": "",
							"date_created": "2022-07-07T18:30:01Z",
							"course_name": 1,
							"lab_number": 10,
							"task_number": 6
						},
						{
							"id": 22,
							"step_number": 3,
							"instruction_eng": "Attach both wheels to motors as shown. Note the orientation of wheels when pressing.",
							"instruction_chi": "安裝兩個黃色車輪。留意要對準插孔方向，再施力按壓。",
							"image": "https://peanutkingeducation.com/media/course_material/EDUKit/EDUKit_Lab_4/EDUKit_Lab_4_task_1/7-7-2022_183144_onedrive.live.com.jpeg",
							"image_alt_text": "",
							"code_snippet": "",
							"date_created": "2022-07-07T18:31:04Z",
							"course_name": 1,
							"lab_number": 10,
							"task_number": 6
						},
						{
							"id": 23,
							"step_number": 4,
							"instruction_eng": "Screw the omni wheel to the chassis plate with 8 M3*8 screws and 4 M3*12 hex spacers as shown below. Note the positions, all wheels are BENEATH the chassis.",
							"instruction_chi": "按照下圖，用八粒『M3*8尼龍螺絲』和四粒『M3*12尼龍雙通六角柱』，將萬向輪安裝上車架。留意安裝方向，3個車輪都應該在車架下面。",
							"image": "https://peanutkingeducation.com/media/course_material/EDUKit/EDUKit_Lab_4/EDUKit_Lab_4_task_1/7-7-2022_183317_onedrive.live.com.jpeg",
							"image_alt_text": "",
							"code_snippet": "",
							"date_created": "2022-07-07T18:32:35Z",
							"course_name": 1,
							"lab_number": 10,
							"task_number": 6
						},
						{
							"id": 24,
							"step_number": 5,
							"instruction_eng": "Take out specified screws, nuts and spacers and install the shield plate. Note the orientation that the triangle inside the plate and chassis must match.",
							"instruction_chi": "將層板安裝在車架上。按照下圖所示，取出所需的螺絲、六角柱及絲帽各四粒，如圖安裝層板。留意中間三角形所指方向必須對上。",
							"image": "https://peanutkingeducation.com/media/course_material/EDUKit/EDUKit_Lab_4/EDUKit_Lab_4_task_1/7-7-2022_183423_onedrive.live.com.jpeg",
							"image_alt_text": "",
							"code_snippet": "",
							"date_created": "2022-07-07T18:33:43Z",
							"course_name": 1,
							"lab_number": 10,
							"task_number": 6
						},
						{
							"id": 25,
							"step_number": 6,
							"instruction_eng": "Screw 4 M3*15+6 Nylon spacer to the shield plate with 4 nuts under the shield plate.",
							"instruction_chi": "在層板上面安裝4粒『M3*15+6尼龍六角柱』並在底下用絲帽扭緊。",
							"image": "https://peanutkingeducation.com/media/course_material/EDUKit/EDUKit_Lab_4/EDUKit_Lab_4_task_1/7-7-2022_183530_onedrive.live.com.jpeg",
							"image_alt_text": "",
							"code_snippet": "",
							"date_created": "2022-07-07T18:34:49Z",
							"course_name": 1,
							"lab_number": 10,
							"task_number": 6
						},
						{
							"id": 26,
							"step_number": 7,
							"instruction_eng": "Install Uno Shield and Uno board as shown. Note the directions of boards that DC plugs should be on SAME side. All pins must be inserted tightly.",
							"instruction_chi": "安裝Uno擴展板和Uno開發板。如下圖所示，先將兩塊板合上，留意兩塊板接合方向，電源插口應在同一邊，而所有針腳必須完全插入開發板。",
							"image": "https://peanutkingeducation.com/media/course_material/EDUKit/EDUKit_Lab_4/EDUKit_Lab_4_task_1/7-7-2022_183632_onedrive.live.com.jpeg",
							"image_alt_text": "",
							"code_snippet": "",
							"date_created": "2022-07-07T18:36:01Z",
							"course_name": 1,
							"lab_number": 10,
							"task_number": 6
						},
						{
							"id": 27,
							"step_number": 8,
							"instruction_eng": "Screw the shield and board on the nylon spacers using M3*8 nylon screws as shown.",
							"instruction_chi": "按照下圖方向，用4粒『M3*8尼龍螺絲』，將擴展板安裝在層板上。",
							"image": "https://peanutkingeducation.com/media/course_material/EDUKit/EDUKit_Lab_4/EDUKit_Lab_4_task_1/7-7-2022_183750_onedrive.live.com.jpeg",
							"image_alt_text": "",
							"code_snippet": "",
							"date_created": "2022-07-07T18:37:10Z",
							"course_name": 1,
							"lab_number": 10,
							"task_number": 6
						},
						{
							"id": 28,
							"step_number": 9,
							"instruction_eng": "Slide in the battery box in the robot between the plate and chassis as shown. Note the switch should be facing outside for easier control.",
							"instruction_chi": "按照下圖方向，將電池盒放進層板和車架之間的位置。方向不限，留意電池開關應該靠外，方便使用。",
							"image": "https://peanutkingeducation.com/media/course_material/EDUKit/EDUKit_Lab_4/EDUKit_Lab_4_task_1/7-7-2022_183850_onedrive.live.com.jpeg",
							"image_alt_text": "",
							"code_snippet": "",
							"date_created": "2022-07-07T18:38:16Z",
							"course_name": 1,
							"lab_number": 10,
							"task_number": 6
						}
					]
				},
				{
					"id": 7,
					"task_number": 2,
					"title_eng": "Install Sensors",
					"title_chi": "安裝測量器",
					"brief_eng": "Install Sensors",
					"brief_chi": "安裝測量器",
					"submission_requirements_eng": "Install Sensors",
					"submission_requirements_chi": "安裝測量器",
					"submission_required": true,
					"video": null,
					"steps": [
						{
							"id": 29,
							"step_number": 1,
							"instruction_eng": "First screw M3*15+6 spacers and nuts on the greyscale sensor. Second screw the sensor BENEATH the chassis using M3*8 nylon screw as shown. Repeat again for BOTH sensors.",
							"instruction_chi": "安裝兩個灰度傳感器。如下圖所示，先將『M3*15+6尼龍六角柱』和絲帽扭在傳感器上，然後再用『M3*8尼龍螺絲』將六角柱安裝在層板下面。",
							"image": "https://peanutkingeducation.com/media/course_material/EDUKit/EDUKit_Lab_4/EDUKit_Lab_4_task_2/7-7-2022_184050_onedrive.live.com.jpeg",
							"image_alt_text": "",
							"code_snippet": "",
							"date_created": "2022-07-07T18:40:03Z",
							"course_name": 1,
							"lab_number": 10,
							"task_number": 7
						},
						{
							"id": 30,
							"step_number": 2,
							"instruction_eng": "Install shaft coupler for servo motor. Find the coupler inside the servo motor pack and screw the coupler using the smallest screw given as shown.",
							"instruction_chi": "為伺服馬達安裝連接軸。包裝內配有小零件包，從小包內取出T字連接軸，如圖將連接軸插在馬達轉軸上。然後用內配的小螺絲將連接軸扭緊。",
							"image": "https://peanutkingeducation.com/media/course_material/EDUKit/EDUKit_Lab_4/EDUKit_Lab_4_task_2/7-7-2022_18420_onedrive.live.com.jpeg",
							"image_alt_text": "",
							"code_snippet": "",
							"date_created": "2022-07-07T18:41:16Z",
							"course_name": 1,
							"lab_number": 10,
							"task_number": 7
						},
						{
							"id": 31,
							"step_number": 3,
							"instruction_eng": "Install ultrasonic sensor mount on servo motor as shown. Screw the mount on the coupler using the remaining bigger screws. Find the mount inside ultrasonic sensor pack. No nuts are needed.",
							"instruction_chi": "將超聲測距支架安裝在伺服馬達上。用剩下的兩粒螺絲，從超聲測距包裝內取出支架，如下圖所示，將支架用螺絲固定。注意不需用絲帽，直接用螺絲開孔扭緊就可以。",
							"image": "https://peanutkingeducation.com/media/course_material/EDUKit/EDUKit_Lab_4/EDUKit_Lab_4_task_2/7-7-2022_18433_onedrive.live.com.jpeg",
							"image_alt_text": "",
							"code_snippet": "",
							"date_created": "2022-07-07T18:42:23Z",
							"course_name": 1,
							"lab_number": 10,
							"task_number": 7
						},
						{
							"id": 32,
							"step_number": 4,
							"instruction_eng": "Attach the ultrasonic sensor in the mount as shown, with pins pointing up.",
							"instruction_chi": "按照下圖的方向，將超聲測距套入支架內。注意針腳要向上，方便接線。",
							"image": "https://peanutkingeducation.com/media/course_material/EDUKit/EDUKit_Lab_4/EDUKit_Lab_4_task_2/edukitl4-5.png",
							"image_alt_text": "",
							"code_snippet": "",
							"date_created": "2022-07-07T18:43:23Z",
							"course_name": 1,
							"lab_number": 10,
							"task_number": 7
						},
						{
							"id": 33,
							"step_number": 5,
							"instruction_eng": "Put the whole servo-ultrasonic set in the designated space as shown. Do not plug the servo motor fully in as the wires blocking. Leave it half in.",
							"instruction_chi": "將整組伺服馬達及超聲測距，如下圖放入指定車頭位置。注意不需要整個馬達套入孔內，電線會頂住馬達，只需要放在孔內，馬達突起部分就可以。",
							"image": "https://peanutkingeducation.com/media/course_material/EDUKit/EDUKit_Lab_4/EDUKit_Lab_4_task_2/7-7-2022_184458_onedrive.live.com.jpeg",
							"image_alt_text": "",
							"code_snippet": "",
							"date_created": "2022-07-07T18:44:17Z",
							"course_name": 1,
							"lab_number": 10,
							"task_number": 7
						}
					]
				},
				{
					"id": 13,
					"task_number": 3,
					"title_eng": "AWS testing",
					"title_chi": "ec2",
					"brief_eng": "Amazon Linux 2 123",
					"brief_chi": "python3.8",
					"submission_requirements_eng": "",
					"submission_requirements_chi": "",
					"submission_required": true,
					"video": null,
					"steps": [
						{
							"id": 60,
							"step_number": 1,
							"instruction_eng": "aaaaaaaaaaaaaaaaaaaaaaaa",
							"instruction_chi": "bbbbbbbbbbbbbbbbbbbbbbbbb",
							"image": "https://peanutkingeducation.com/media/course_material/EDUKit/4/3/6bc72f2b57934a4e61851ee32300ec1f.png",
							"image_alt_text": "",
							"code_snippet": "",
							"date_created": "2022-07-22T07:53:22Z",
							"course_name": 1,
							"lab_number": 10,
							"task_number": 13
						}
					]
				}
			]
		}
	]
}