[
    {
        "id": 11,
        "user": {
            "username": "pke_admin",
            "name_eng": "Anonymous",
            "email": "peanutkingeducation@gmail.com",
            "organization": 256
        },
        "key": {
            "id": 15,
            "course": {
                "id": 1,
                "name": "EDUKit",
                "description_chi": "Arduino入門教材",
                "description_eng": "Introductory Arduino Kit for S1 students"
            },
            "key": "IDMIM7XH7Q",
            "date_created": "2022-07-29T12:25:41+08:00",
            "date_expired": "2023-03-01T15:05:41+08:00",
            "active": true
        }
    },
    {
        "id": 39,
        "user": {
            "username": "lesterhe",
            "name_eng": "aaa",
            "email": "lesterhe@peanutkingsolution.com",
            "organization": 5
        },
        "key": {
            "id": 19,
            "course": {
                "id": 3,
                "name": "IT Lab",
                "description_chi": "為期六個星期的足球機械人課程",
                "description_eng": "A six week robotics soccer training course"
            },
            "key": "CR6ACI0M0A",
            "date_created": "2022-08-15T18:08:41+08:00",
            "date_expired": "2022-12-01T20:48:41+08:00",
            "active": true
        }
    },
    {
        "id": 51,
        "user": {
            "username": "cfalexlam",
            "name_eng": "World Hello",
            "email": "cfalexlam@gmail.com",
            "organization": null
        },
        "key": {
            "id": 20,
            "course": {
                "id": 1,
                "name": "EDUKit",
                "description_chi": "Arduino入門教材",
                "description_eng": "Introductory Arduino Kit for S1 students"
            },
            "key": "UQUWNQ2POA",
            "date_created": "2022-08-15T18:36:58+08:00",
            "date_expired": "2023-01-01T21:16:58+08:00",
            "active": true
        }
    },
    {
        "id": 53,
        "user": {
            "username": "boringfung1",
            "name_eng": "Fuck Siu Ming",
            "email": "boringfung1@gmail.com",
            "organization": 12
        },
        "key": {
            "id": 20,
            "course": {
                "id": 1,
                "name": "EDUKit",
                "description_chi": "Arduino入門教材",
                "description_eng": "Introductory Arduino Kit for S1 students"
            },
            "key": "UQUWNQ2POA",
            "date_created": "2022-08-15T18:36:58+08:00",
            "date_expired": "2023-01-01T21:16:58+08:00",
            "active": true
        }
    },
    {
        "id": 54,
        "user": {
            "username": "kelvincheung0326.ckf",
            "name_eng": "Cheung Kelvin",
            "email": "kelvincheung0326.ckf@gmail.com",
            "organization": null
        },
        "key": {
            "id": 20,
            "course": {
                "id": 1,
                "name": "EDUKit",
                "description_chi": "Arduino入門教材",
                "description_eng": "Introductory Arduino Kit for S1 students"
            },
            "key": "UQUWNQ2POA",
            "date_created": "2022-08-15T18:36:58+08:00",
            "date_expired": "2023-01-01T21:16:58+08:00",
            "active": true
        }
    },
    {
        "id": 65,
        "user": {
            "username": "lshcyrus1228",
            "name_eng": "LEE Shing Hei",
            "email": "lshcyrus1228@gmail.com",
            "organization": null
        },
        "key": {
            "id": 27,
            "course": {
                "id": 1,
                "name": "EDUKit",
                "description_chi": "Arduino入門教材",
                "description_eng": "Introductory Arduino Kit for S1 students"
            },
            "key": "LQ48VORH3J",
            "date_created": "2023-06-08T11:10:08.602856+08:00",
            "date_expired": "2023-09-16T13:50:08+08:00",
            "active": true
        }
    }
]