[
    {
        "id": 1,
        "step_number": 1,
        "instruction_eng": "Open Microsoft Store. Type in \"Arduino IDE\" in the search bar as shown below.",
        "instruction_chi": "打開Microsoft Store，在搜尋欄目中輸入“Arduino IDE”並搜尋。",
        "image": null,
        "image_alt_text": "",
        "code_snippet": "<p>def HelloWorld():</p><p>&nbsp; &nbsp; print(\"Hello World!\")</p>",
        "date_created": "2022-06-10T19:38:22+08:00",
        "course": 1,
        "lab": 8,
        "task": 1
    },
    {
        "id": 2,
        "step_number": 2,
        "instruction_eng": "Press “Install” to install the app into your computer.",
        "instruction_chi": "選取並點擊『安裝』，將軟件安裝到電腦。",
        "image": "/media/course_material/EDUKit/EDUKit_Lab_1/EDUKit_Lab_1_task_1/b_0WLNRxg.png",
        "image_alt_text": "",
        "code_snippet": "",
        "date_created": "2022-06-10T21:05:42+08:00",
        "course": 1,
        "lab": 8,
        "task": 1
    },
    {
        "id": 3,
        "step_number": 3,
        "instruction_eng": "After installation, search for “Arduino IDE” in the Search Bar of windows and launch it.",
        "instruction_chi": "安裝成功後，在開始找到軟件，運行軟件並進入界面。",
        "image": "/media/course_material/EDUKit/EDUKit_Lab_1/EDUKit_Lab_1_task_1/lab01t1pic3.png",
        "image_alt_text": "",
        "code_snippet": "<br>",
        "date_created": "2022-06-22T01:39:26+08:00",
        "course": 1,
        "lab": 8,
        "task": 1
    },
    {
        "id": 4,
        "step_number": 4,
        "instruction_eng": "Connect your Arduino Uno to computer using the given USB cable.",
        "instruction_chi": "將套件盒內的USB線和Uno開發板取出，並接上電腦。如下圖示：",
        "image": "/media/course_material/EDUKit/EDUKit_Lab_1/EDUKit_Lab_1_task_1/lab01t1pic4.png",
        "image_alt_text": "",
        "code_snippet": "",
        "date_created": "2022-06-22T02:17:24+08:00",
        "course": 1,
        "lab": 8,
        "task": 1
    },
    {
        "id": 5,
        "step_number": 5,
        "instruction_eng": "At the menu bar, select “Tools --> Board --> Arduino Uno”.",
        "instruction_chi": "進入界面，在菜單欄上選取“Tools  Board  Arduino Uno”。",
        "image": "/media/course_material/EDUKit/EDUKit_Lab_1/EDUKit_Lab_1_task_1/lab01t1pic5.png",
        "image_alt_text": "",
        "code_snippet": "",
        "date_created": "2022-06-22T02:19:40+08:00",
        "course": 1,
        "lab": 8,
        "task": 1
    },
    {
        "id": 6,
        "step_number": 6,
        "instruction_eng": "Select the Uploading Port at the menu bar. You might have a different port from me. Try pick the bottom COM.\r\n\r\nQuestion: Where is Menu Bar?\r\nAnswer: “Tools → Port → COM__(Arduino Uno)”",
        "instruction_chi": "在菜單欄選擇序列埠。你的選項編號也許跟我不一樣。嘗試選擇最底的一個COM埠。\r\n\r\n問題：菜單欄在哪裡？\r\n答案：“Tools → Port → COM__(Arduino Uno)”",
        "image": "/media/course_material/EDUKit/EDUKit_Lab_1/EDUKit_Lab_1_task_1/lab01t1pic6.png",
        "image_alt_text": "",
        "code_snippet": "",
        "date_created": "2022-06-22T02:21:25+08:00",
        "course": 1,
        "lab": 8,
        "task": 1
    }
]